id,Area code,Region,Local Authority,Prosperity Rank,Economic Quality Rank,Business Environment Rank,Education Rank,Health Rank,Safety & Security Rank,Social Capital Rank,Natural Environment Rank,child poverty rate,median annual pay (Â£),5 yr business survival rate,entrepreneurship rate (businesses created per 1000 people),life expectancy (birth),housing affordability ratio (average price to earnings ratio)
228,E09000020,London, Kensington and Chelsea,160,44,6,34,5,384,388,250,28%,40405,40%,"19,9","84,9","32,2"
235,E09000033,London, Westminster,253,253,2,23,47,388,389,256,39%,37909,35%,"48,8","84,2","25,4"
234,E09000032,London, Wandsworth,125,39,26,88,173,314,374,126,27%,35846,41%,"13,4","81,7","16,0"
253,E09000027,London, Richmond upon Thames,28,6,12,26,20,173,330,286,15%,35054,45%,"15,8","84,3","17,7"
225,E09000013,London, Hammersmith and Fulham,245,201,19,52,222,385,375,150,31%,34619,37%,"18,4","81,9","22,0"
227,E09000019,London, Islington,309,278,10,169,251,386,367,201,38%,33129,41%,"22,4","81,3","19,4"
222,E09000007,London, Camden,278,179,7,174,31,387,386,290,36%,33097,39%,"26,1","84,3","23,8"
183,E07000068,East, Brentwood,130,17,192,"176,5",103,209,145,361,16%,32792,39%,"13,8","82,7","10,5"
199,E07000240,East, St Albans,4,2,3,16,23,92,108,239,14%,32229,48%,"13,7","84,0","13,9"
241,E09000006,London, Bromley,59,83,54,15,51,180,275,285,21%,31371,42%,"10,9","83,2","12,3"
286,E07000089,South East, Hart,14,12,133,72,2,123,212,59,11%,31191,45%,"9,8","84,5","11,6"
268,E06000041,South East, Wokingham,12,34,71,8,21,39,102,301,10%,31086,43%,"11,2","83,3","11,8"
250,E09000021,London, Kingston upon Thames,76,128,37,4,89,236,361,238,21%,30936,42%,"11,1","83,3","14,2"
267,E06000040,South East, Windsor and Maidenhead,61,42,96,19,91,131,45,385,16%,30797,40%,"14,2","82,8","14,1"
312,E07000207,South East, Elmbridge,32,102,18,41,28,233,142,160,13%,30230,47%,"15,7","83,7","18,1"
232,E09000028,London, Southwark,304,293,36,70,230,383,373,267,34%,30101,38%,"13,2","81,4","15,5"
318,E07000213,South East, Spelthorne,100,52,80,60,239,309,228,92,16%,29927,37%,"13,2","82,3","10,7"
233,E09000030,London, Tower Hamlets,338,383,53,96,313,389,382,12,49%,29778,36%,"16,5","80,2","14,2"
28,E07000029,North West, Copeland,201,195,360,274,272,146,309,6,22%,29190,49%,"7,9","79,9","3,8"
252,E09000026,London, Redbridge,242,243,83,130,69,343,368,331,31%,29176,36%,"13,5","82,8","11,8"
304,E07000116,South East, Tunbridge Wells,17,27,183,280,35,81,8,15,17%,29030,46%,"11,4","83,3","11,3"
319,E07000214,South East, Surrey Heath,21,21,88,43,71,179,181,57,14%,28906,42%,"11,3","82,7","12,3"
229,E09000022,London, Lambeth,279,315,4,203,204,382,378,109,34%,28877,39%,"23,5","81,1","16,3"
251,E09000024,London, Merton,200,180,55,99,135,296,342,369,25%,28864,37%,"14,5","82,3","15,9"
321,E07000216,South East, Waverley,1,9,66,31,8,114,222,11,13%,28810,46%,"13,3","83,7","14,1"
224,E09000012,London, Hackney,347,350,11,216,279,377,385,252,41%,28799,43%,"17,1","80,9","17,6"
313,E07000208,South East, Epsom and Ewell,50,166,30,"29,5",13,255,281,137,15%,28577,49%,"10,0","83,8","14,3"
198,E07000099,East, North Hertfordshire,31,40,33,37,132,103,60,219,17%,28564,45%,"9,7","81,8","9,9"
187,E07000072,East, Epping Forest,220,130,199,"176,5",116,284,230,372,20%,28331,39%,"12,4","82,0","13,6"
407,S12000011,Scotland, East Renfrewshire,16,156,9,1,235,18,12,323,15%,28320,48%,"6,0","81,5","6,7"
314,E07000209,South East, Guildford,10,33,65,73,25,208,72,28,15%,28276,47%,"9,5","83,7","14,0"
245,E09000011,London, Greenwich,327,294,63,299,311,344,356,254,33%,28255,41%,"9,3","80,7","11,7"
272,E07000006,South East, South Bucks,42,37,179,11,44,166,86,297,13%,28228,36%,"17,0","83,6","18,8"
202,E07000103,East, Watford,83,80,15,20,219,345,73,232,21%,28118,46%,"11,4","80,7","10,6"
281,E07000084,South East, Basingstoke and Deane,73,54,119,195,153,271,170,36,17%,27647,48%,"8,8","82,3","9,4"
230,E09000023,London, Lewisham,342,292,46,306,283,359,383,183,34%,27601,38%,"9,2","81,2","12,9"
309,E07000180,South East, Vale of White Horse,22,8,213,107,78,72,37,82,13%,27580,43%,"8,5","83,1","11,5"
320,E07000215,South East, Tandridge,36,120,23,120,93,227,71,65,15%,27530,48%,"11,3","82,2","14,0"
226,E09000014,London, Haringey,357,376,58,305,161,380,381,202,36%,27456,40%,"11,6","82,5","17,5"
196,E07000242,East, East Hertfordshire,25,22,39,22,37,138,185,262,14%,27429,43%,"11,5","83,2","11,9"
329,E07000228,South East, Mid Sussex,7,29,144,56,15,133,28,38,13%,27387,43%,"10,3","83,2","11,7"
303,E07000115,South East, Tonbridge and Malling,74,45,227,127,49,135,217,141,17%,27375,42%,"9,4","83,3","10,9"
316,E07000211,South East, Reigate and Banstead,23,111,31,"29,5",72,211,84,72,15%,27222,44%,"10,9","82,8","13,3"
308,E07000179,South East, South Oxfordshire,6,7,157,75,29,98,18,62,12%,27185,48%,"10,3","83,2","13,3"
194,E07000095,East, Broxbourne,150,296,50,32,144,246,315,265,22%,27142,40%,"10,1","83,0","10,5"
247,E09000016,London, Havering,215,161,105,261,141,213,316,328,23%,27078,39%,"9,7","82,1","10,8"
271,E07000005,South East, Chiltern,5,71,108,10,24,47,119,64,14%,27054,50%,"13,5","84,3","17,5"
246,E09000015,London, Harrow,139,213,29,44,22,278,371,332,29%,26987,42%,"15,0","84,4","15,1"
266,E06000037,South East, West Berkshire,18,36,221,40,59,102,14,75,15%,26951,43%,"11,8","82,7","11,3"
179,E07000012,East, South Cambridgeshire,40,16,156,94,9,115,49,318,13%,26944,47%,"9,6","84,2","12,1"
322,E07000217,South East, Woking,13,11,56,28,43,279,19,115,16%,26865,45%,"11,9","82,9","13,7"
273,E07000007,South East, Wycombe,34,101,203,14,62,191,69,70,18%,26803,42%,"10,7","83,5","12,4"
201,E07000102,East, Three Rivers,19,49,21,38,94,60,156,140,16%,26766,44%,"12,7","83,0","16,6"
257,E06000036,South East, Bracknell Forest,26,20,82,65,87,40,77,225,16%,26696,45%,"8,3","83,2","11,3"
175,E07000008,East, Cambridge,101,5,149,133,95,357,61,258,21%,26621,49%,"7,2","81,9","15,1"
291,E07000094,South East, Winchester,3,1,109,105,1,198,59,13,14%,26494,47%,"11,6","83,7","13,9"
242,E09000008,London, Croydon,292,321,49,179,160,335,359,362,30%,26492,39%,"9,8","82,0","11,6"
243,E09000009,London, Ealing,251,211,27,148,126,354,379,308,31%,26448,40%,"13,5","82,4","16,6"
248,E09000017,London, Hillingdon,262,249,60,220,159,350,348,311,28%,26445,40%,"10,8","82,2","13,3"
254,E09000029,London, Sutton,144,220,34,6,105,197,365,386,20%,26440,44%,"9,3","82,2","12,2"
317,E07000212,South East, Runnymede,63,85,64,62,128,247,152,103,16%,26413,44%,"9,0","83,0","13,6"
264,E06000039,South East, Slough,241,272,78,36,301,349,334,192,27%,26273,37%,"9,8","80,7","9,3"
295,E07000107,South East, Dartford,197,141,254,198,149,298,237,172,21%,26262,35%,"9,6","80,8","9,4"
149,E07000220,West Midlands, Rugby,213,139,159,76,97,338,364,241,18%,26201,47%,"9,6","82,3","7,3"
189,E07000074,East, Maldon,182,241,152,188,115,124,328,247,18%,26184,49%,"9,9","82,7","10,2"
284,E07000087,South East, Fareham,44,23,145,51,146,184,161,61,14%,26160,44%,"8,0","82,4","9,4"
307,E07000178,South East, Oxford,99,115,209,104,60,323,52,106,25%,26149,45%,"5,8","81,8","14,4"
238,E09000003,London, Barnet,117,223,41,12,4,308,376,281,27%,26094,38%,"16,3","83,6","18,3"
315,E07000210,South East, Mole Valley,2,24,22,33,11,164,26,45,13%,26068,51%,"11,0","83,7","17,1"
249,E09000018,London, Hounslow,258,197,28,46,203,361,380,344,30%,25997,40%,"12,9","81,9","13,5"
195,E07000096,East, Dacorum,35,153,24,48,73,132,215,80,18%,25912,47%,"10,6","82,7","13,1"
263,E06000038,South East, Reading,209,274,32,201,258,286,160,299,24%,25845,46%,"10,6","80,7","10,1"
239,E09000004,London, Bexley,143,175,59,233,138,99,325,204,23%,25792,44%,"9,7","82,5","10,6"
255,E09000031,London, Waltham Forest,316,323,73,285,150,355,377,221,35%,25620,38%,"11,5","81,6","14,0"
169,E06000056,East, Central Bedfordshire,70,86,91,136,61,128,74,272,17%,25560,47%,"9,1","82,7","9,6"
151,E07000222,West Midlands, Warwick,57,10,182,69,26,289,184,157,16%,25549,42%,"12,0","82,7","10,2"
405,S12000045,Scotland, East Dunbartonshire,9,64,44,2,147,13,6,346,13%,25376,46%,"6,0","81,8","7,1"
310,E07000181,South East, West Oxfordshire,39,18,210,219,84,77,23,99,13%,25319,43%,"8,6","82,7","11,6"
192,E07000077,East, Uttlesford,96,87,197,"204,5",16,126,124,283,14%,25268,42%,"11,5","83,9","13,6"
397,S12000033,Scotland, Aberdeen City,284,56,266,326,344,70,242,345,18%,25244,46%,"8,2","79,1","7,6"
119,E07000152,East Midlands, East Northamptonshire,132,28,139,242,180,155,277,228,17%,25213,50%,"8,9","82,0","7,3"
200,E07000243,East, Stevenage,180,295,86,63,199,248,263,255,24%,25197,35%,"9,1","80,7","9,0"
182,E07000067,East, Braintree,207,198,225,186,202,134,129,360,19%,25188,42%,"8,4","81,8","9,1"
90,E06000017,East Midlands, Rutland,118,98,366,9,123,125,68,270,14%,25065,51%,"9,9","83,6","9,9"
131,E07000176,East Midlands, Rushcliffe,54,19,107,144,3,152,174,298,13%,25028,49%,"8,4","83,3","9,3"
122,E07000155,East Midlands, South Northamptonshire,159,50,130,240,85,301,172,370,12%,25027,50%,"10,7","83,4","10,8"
261,E06000042,South East, Milton Keynes,252,189,186,303,247,276,79,336,25%,24990,41%,"11,6","80,9","8,8"
282,E07000085,South East, East Hampshire,8,13,151,110,36,119,205,5,15%,24967,43%,"8,9","82,7","12,7"
40,E08000009,North West, Trafford,69,159,76,5,156,113,82,367,21%,24961,38%,"11,6","81,8","9,1"
103,E07000131,East Midlands, Harborough,114,43,185,154,68,68,317,295,13%,24937,45%,"11,0","82,7","9,5"
218,E07000205,East, Suffolk Coastal,66,30,274,175,48,45,246,104,19%,24928,46%,"7,9","83,0","9,7"
240,E09000005,London, Brent,339,348,57,151,121,374,387,333,35%,24927,37%,"11,8","82,6","17,7"
306,E07000177,South East, Cherwell,82,69,194,142,104,190,10,244,17%,24831,45%,"8,0","81,8","10,7"
260,E06000035,South East, Medway,187,289,89,264,276,153,97,159,24%,24815,39%,"7,0","80,5","7,7"
127,E07000172,East Midlands, Broxtowe,163,92,207,293,169,183,115,224,19%,24810,39%,"6,0","82,1","6,2"
178,E07000011,East, Huntingdonshire,110,97,163,156,70,136,114,312,17%,24755,47%,"9,3","82,9","8,5"
185,E07000070,East, Chelmsford,131,79,184,171,33,193,140,376,18%,24721,45%,"9,1","83,2","11,1"
408,S12000036,Scotland, City of Edinburgh,115,136,5,298,271,76,35,302,21%,24660,37%,"8,0","79,7","9,1"
118,E07000151,East Midlands, Daventry,230,108,198,334,75,281,175,368,16%,24637,43%,"9,5","81,5","9,3"
197,E07000098,East, Hertsmere,79,165,13,49,130,163,187,277,19%,24618,42%,"16,5","82,4","16,0"
289,E07000092,South East, Rushmoor,123,236,125,162,113,305,198,66,19%,24607,47%,"7,3","81,2","9,9"
290,E07000093,South East, Test Valley,56,73,131,55,66,231,177,87,16%,24606,47%,"10,1","82,8","11,3"
244,E09000010,London, Enfield,274,335,84,250,86,329,366,242,37%,24581,37%,"11,0","82,4","13,6"
157,E08000029,West Midlands, Solihull,108,132,75,117,110,176,231,260,20%,24531,42%,"8,8","82,5","9,6"
50,E07000124,North West, Ribble Valley,88,96,226,118,101,160,314,39,13%,24468,47%,"8,5","82,2","8,2"
394,W06000021,Wales, Monmouthshire,62,199,323,7,119,55,88,86,18%,24409,42%,"7,9","82,4","8,6"
33,E08000002,North West, Bury,173,196,147,223,282,101,190,168,24%,24381,40%,"8,7","79,8","5,8"
328,E07000227,South East, Horsham,43,48,129,54,34,116,138,187,14%,24379,48%,"10,9","83,0","13,6"
298,E07000110,South East, Maidstone,87,172,193,218,133,171,24,71,20%,24369,47%,"9,1","81,9","10,1"
176,E07000009,East, East Cambridgeshire,94,88,154,256,10,86,208,261,15%,24352,51%,"7,3","83,9","9,6"
140,E07000194,West Midlands, Lichfield,134,38,206,258,197,87,269,167,18%,24311,47%,"9,1","81,8","8,8"
173,E06000034,East, Thurrock,310,329,85,325,306,317,199,251,25%,24283,40%,"9,1","81,0","8,6"
299,E07000111,South East, Sevenoaks,47,25,180,245,14,94,286,48,16%,24170,44%,"10,4","83,2","15,2"
203,E07000241,East, Welwyn Hatfield,112,205,35,35,162,199,274,263,20%,24129,42%,"9,5","82,0","13,3"
361,E07000078,South West, Cheltenham,148,124,277,68,164,143,92,291,20%,24051,41%,"9,0","82,2","9,5"
334,E06000023,South West," Bristol, City of",129,237,1,260,268,262,93,253,26%,24029,43%,"9,3","80,7","9,2"
99,E07000039,East Midlands, South Derbyshire,205,63,297,132,145,232,308,300,18%,24021,46%,"7,0","81,2","7,1"
294,E07000106,South East, Canterbury,103,185,284,155,109,205,66,43,22%,23977,38%,"6,5","81,9","10,3"
161,E07000234,West Midlands, Bromsgrove,189,47,212,112,240,240,225,356,14%,23972,46%,"9,0","81,4","9,8"
337,E06000024,South West, North Somerset,30,68,118,64,96,29,15,213,19%,23972,45%,"9,6","82,1","9,1"
425,S12000029,Scotland, South Lanarkshire,261,247,245,217,350,31,121,359,20%,23918,40%,"5,7","78,5","4,6"
190,E07000075,East, Rochford,156,173,148,206,212,141,239,170,16%,23859,50%,"8,5","83,2","11,4"
237,E09000002,London, Barking and Dagenham,382,367,128,320,359,368,372,382,37%,23857,33%,"10,5","79,9","9,8"
301,E07000113,South East, Swale,181,182,255,290,220,244,176,54,26%,23792,40%,"6,6","81,0","8,2"
296,E07000108,South East, Dover,171,318,257,210,227,186,132,32,27%,23774,41%,"6,0","81,1","8,3"
423,S12000027,Scotland, Shetland Islands,84,70,369,3,329,1,101,339,10%,23772,56%,"6,8","79,3","5,7"
101,E07000129,East Midlands, Blaby,92,58,202,116,79,117,107,278,15%,23753,44%,"9,2","82,7","7,7"
406,S12000010,Scotland, East Lothian,311,135,362,360,295,27,54,371,19%,23735,47%,"4,9","80,0","8,3"
426,S12000030,Scotland, Stirling,196,144,298,288,312,79,9,210,17%,23526,43%,"7,3","80,2","6,9"
366,E07000083,South West, Tewkesbury,85,99,251,42,124,20,81,334,17%,23524,46%,"8,6","82,3","9,7"
87,E06000015,East Midlands, Derby,337,216,81,356,277,358,294,340,29%,23401,41%,"6,9","80,5","5,9"
142,E07000196,West Midlands, South Staffordshire,128,146,232,184,80,91,278,155,18%,23365,45%,"7,3","82,0","8,4"
341,E06000030,South West, Swindon,175,225,124,266,232,122,135,217,21%,23347,44%,"8,0","81,3","7,6"
365,E07000082,South West, Stroud,60,123,223,81,114,26,192,78,18%,23282,50%,"7,7","81,4","10,0"
150,E07000221,West Midlands, Stratford-on-Avon,52,4,173,58,45,310,33,205,17%,23263,44%,"12,3","83,0","12,3"
168,E06000055,East, Bedford,282,316,137,247,188,300,164,379,25%,23223,45%,"8,5","82,1","9,8"
327,E07000226,South East, Crawley,177,190,113,67,152,328,329,165,24%,23218,46%,"6,5","82,4","10,4"
283,E07000086,South East, Eastleigh,24,77,104,114,18,195,38,69,16%,23164,49%,"8,6","83,3","10,3"
270,E07000004,South East, Aylesbury Vale,48,75,171,24,57,145,50,197,16%,23144,47%,"9,6","82,3","11,9"
102,E07000130,East Midlands, Charnwood,149,104,195,79,179,188,287,223,19%,23131,47%,"6,6","82,0","8,0"
279,E07000065,South East, Wealden,80,169,258,276,65,127,159,10,18%,23099,45%,"9,4","83,3","12,4"
23,E06000007,North West, Warrington,188,119,132,141,310,174,344,153,19%,23090,43%,"8,2","80,2","7,1"
38,E08000007,North West, Stockport,86,209,38,125,134,106,165,185,21%,23067,43%,"8,5","81,5","7,9"
172,E06000033,East, Southend-on-Sea,239,328,62,165,249,322,250,243,28%,23062,41%,"9,8","81,4","9,5"
340,E06000025,South West, South Gloucestershire,33,55,67,243,106,9,42,147,15%,23022,46%,"7,0","83,2","9,8"
258,E06000043,South East, Brighton and Hove,46,229,16,137,216,315,110,1,25%,23003,46%,"10,3","81,2","13,5"
398,S12000034,Scotland, Aberdeenshire,208,32,371,182,218,34,122,350,14%,22990,50%,"7,3","80,5","8,7"
293,E07000105,South East, Ashford,119,233,231,294,92,144,123,40,22%,22989,43%,"9,3","82,4","10,4"
355,E07000049,South West, East Dorset,41,57,320,106,12,57,43,90,16%,22918,44%,"9,8","84,5","13,0"
424,S12000028,Scotland, South Ayrshire,288,270,380,350,327,69,94,22,24%,22858,41%,"5,6","79,4","5,6"
420,S12000024,Scotland, Perth and Kinross,161,110,305,292,205,48,22,248,17%,22841,48%,"6,8","81,2","7,5"
65,E06000013,Yorkshire and the Humber, North Lincolnshire,341,339,292,230,259,299,63,388,24%,22835,42%,"6,0","80,6","5,5"
297,E07000109,South East, Gravesham,250,352,240,214,237,295,297,50,26%,22800,39%,"8,5","81,5","9,9"
216,E07000203,East, Mid Suffolk,140,103,238,295,58,118,153,203,16%,22746,52%,"6,7","83,1","9,7"
277,E07000063,South East, Lewes,81,264,293,224,55,201,143,4,23%,22672,39%,"8,4","83,5","12,3"
358,E07000052,South West, West Dorset,27,84,295,82,7,54,80,41,21%,22632,50%,"7,8","83,2","11,2"
421,S12000038,Scotland, Renfrewshire,323,269,127,370,368,121,200,171,21%,22574,39%,"5,4","77,9","4,9"
287,E07000090,South East, Havant,68,116,140,190,137,283,67,18,25%,22568,44%,"7,6","81,8","9,7"
147,E07000218,West Midlands, North Warwickshire,355,148,228,307,372,320,338,289,19%,22537,40%,"8,2","81,0","7,5"
74,E07000169,Yorkshire and the Humber, Selby,243,177,273,83,193,250,253,378,19%,22515,52%,"7,6","81,7","7,8"
148,E07000219,West Midlands, Nuneaton and Bedworth,216,51,215,265,175,356,186,199,23%,22512,43%,"6,4","80,6","6,3"
181,E07000066,East, Basildon,240,150,201,191,191,302,169,380,24%,22508,42%,"8,8","81,4","10,7"
300,E07000112,South East, Shepway,147,280,299,238,178,221,30,27,26%,22503,35%,"6,9","81,6","9,0"
285,E07000088,South East, Gosport,153,78,165,211,299,311,238,34,23%,22498,45%,"5,2","80,5","7,6"
333,E06000028,South West, Bournemouth,107,231,87,100,148,235,48,181,25%,22498,41%,"7,3","81,0","9,5"
21,E06000050,North West, Cheshire West and Chester,183,217,234,140,195,239,46,288,20%,22494,41%,"8,3","81,4","8,0"
71,E07000166,Yorkshire and the Humber, Richmondshire,136,35,312,66,186,250,369,26,16%,22451,47%,"6,0","82,4","8,5"
410,S12000014,Scotland, Falkirk,267,309,136,361,326,10,113,307,21%,22449,39%,"5,1","78,8","4,8"
330,E07000229,South East, Worthing,137,160,153,59,262,260,151,135,19%,22391,45%,"8,2","81,3","10,4"
401,S12000005,Scotland, Clackmannanshire,371,334,357,384,364,5,211,349,26%,22383,38%,"5,0","78,8","5,0"
428,S12000040,Scotland, West Lothian,289,256,268,341,319,22,224,279,21%,22331,38%,"5,6","78,7","6,0"
60,E08000015,North West, Wirral,162,230,187,122,210,223,236,125,25%,22317,37%,"6,5","80,2","6,3"
354,E07000048,South West, Christchurch,102,186,303,111,77,"51,5",39,175,21%,22293,47%,"9,6","84,1","13,2"
164,E07000237,West Midlands, Worcester,287,203,256,178,314,215,346,233,23%,22289,40%,"6,0","81,0","8,1"
418,S12000044,Scotland, North Lanarkshire,359,267,177,378,386,23,240,327,25%,22283,40%,"5,1","77,1","4,2"
217,E07000204,East, St Edmundsbury,184,140,270,259,74,"157,5",266,245,17%,22251,48%,"6,2","83,0","10,7"
128,E07000173,East Midlands, Gedling,185,181,120,267,206,156,195,274,20%,22229,50%,"6,2","81,7","6,8"
184,E07000069,East, Castle Point,247,232,188,"204,5",269,161,319,268,21%,22219,44%,"8,5","81,1","10,9"
188,E07000073,East, Harlow,299,305,224,163,302,313,210,273,25%,22191,38%,"7,5","81,0","9,9"
104,E07000132,East Midlands, Hinckley and Bosworth,155,167,181,197,170,107,137,303,17%,22185,48%,"7,4","82,6","7,9"
44,E07000118,North West, Chorley,211,221,220,101,171,259,291,264,18%,22171,44%,"8,2","80,7","7,1"
96,E07000036,East Midlands, Erewash,268,152,302,279,192,254,251,304,22%,22163,45%,"6,4","81,5","6,2"
84,E08000035,Yorkshire and the Humber, Leeds,329,327,138,324,281,342,171,338,26%,22132,42%,"8,5","80,4","7,0"
400,S12000035,Scotland, Argyll and Bute,343,273,385,312,244,49,188,342,19%,22113,45%,"5,6","79,3","6,1"
231,E09000025,London, Newham,368,370,101,255,200,378,384,358,41%,22111,35%,"10,4","80,7","13,5"
138,E07000192,West Midlands, Cannock Chase,191,204,250,222,332,177,201,35,23%,22052,43%,"6,6","81,2","6,4"
170,E06000032,East, Luton,366,379,20,348,316,346,335,374,33%,22050,41%,"8,4","80,3","8,3"
171,E06000031,East, Peterborough,330,275,110,342,263,334,139,384,30%,22042,44%,"8,2","80,5","7,0"
332,E06000022,South West, Bath and North East Somerset,15,109,116,25,41,17,75,101,19%,22029,50%,"7,8","83,0","12,9"
20,E06000049,North West, Cheshire East,93,53,158,92,112,192,40,319,18%,22000,43%,"10,7","82,1","8,9"
415,S12000019,Scotland, Midlothian,326,113,361,357,296,67,126,366,21%,21968,41%,"5,0","79,5","7,0"
211,E07000149,East, South Norfolk,169,61,342,291,83,58,191,276,19%,21952,43%,"6,7","83,2","9,8"
387,W06000014,Wales, Vale of Glamorgan,98,244,121,18,221,46,53,309,22%,21931,47%,"7,0","81,5","8,8"
70,E07000165,Yorkshire and the Humber, Harrogate,55,31,288,47,53,241,62,73,14%,21930,46%,"10,2","82,7","11,6"
339,E06000029,South West, Poole,72,170,122,71,50,89,131,240,21%,21912,40%,"9,0","82,4","12,1"
262,E06000044,South East, Portsmouth,276,325,48,354,246,365,206,67,29%,21901,39%,"6,7","80,2","8,1"
6,E06000001,North East, Hartlepool,344,364,98,336,288,318,362,143,31%,21866,35%,"7,0","79,7","4,6"
374,W06000001,Wales, Isle of Anglesey,324,333,387,108,243,110,76,357,26%,21866,38%,"4,7","80,9","7,1"
154,E08000026,West Midlands, Coventry,321,279,178,355,241,321,293,174,29%,21860,39%,"7,3","80,4","6,7"
412,S12000046,Scotland, Glasgow City,385,363,97,385,389,178,298,353,33%,21852,39%,"6,9","75,6","5,1"
52,E07000126,North West, South Ribble,179,174,242,213,98,185,214,266,17%,21843,41%,"6,6","81,8","6,9"
41,E08000010,North West, Wigan,214,302,74,232,290,96,295,169,25%,21788,43%,"5,9","79,5","5,3"
143,E07000197,West Midlands, Stafford,116,133,241,145,102,140,219,119,17%,21750,43%,"7,2","81,9","8,3"
288,E07000091,South East, New Forest,11,41,117,153,19,165,243,2,19%,21741,50%,"8,5","83,7","13,2"
112,E07000139,East Midlands, North Kesteven,164,67,289,143,122,85,355,218,18%,21726,45%,"9,6","82,7","7,8"
371,E07000190,South West, Taunton Deane,146,192,349,57,198,42,167,130,21%,21708,43%,"7,0","82,0","9,4"
186,E07000071,East, Colchester,152,137,176,196,107,272,213,182,21%,21636,47%,"7,7","81,8","9,9"
411,S12000015,Scotland, Fife,303,234,282,349,357,14,70,354,24%,21636,42%,"5,0","79,1","5,6"
265,E06000045,South East, Southampton,314,263,142,338,265,369,157,195,30%,21612,40%,"6,1","80,6","8,3"
388,W06000015,Wales, Cardiff,270,354,43,252,242,290,95,375,30%,21595,40%,"7,6","80,6","8,3"
379,W06000006,Wales, Wrexham,296,76,347,282,317,234,83,352,24%,21545,38%,"5,1","80,2","6,6"
393,W06000020,Wales, Torfaen,168,224,319,124,336,65,21,107,28%,21537,40%,"4,9","79,8","5,6"
413,S12000017,Scotland, Highland,203,114,378,345,189,4,27,321,19%,21518,47%,"6,6","79,6","7,0"
66,E06000014,Yorkshire and the Humber, York,126,93,161,39,127,187,116,373,18%,21505,48%,"6,5","81,8","10,2"
419,S12000023,Scotland, Orkney Islands,165,66,377,323,183,2,111,315,14%,21505,46%,"5,2","80,7","5,7"
113,E07000140,East Midlands, South Holland,206,143,313,189,233,182,304,91,22%,21491,42%,"9,7","81,4","7,2"
12,E08000037,North East, Gateshead,269,344,47,228,367,189,311,122,27%,21485,39%,"5,8","79,5","5,6"
4,E06000047,North East, County Durham,332,330,308,328,331,168,350,81,27%,21468,40%,"5,2","79,8","4,5"
343,E06000054,South West, Wiltshire,77,131,278,93,99,64,103,93,17%,21467,45%,"8,1","82,5","10,9"
13,E08000021,North East, Newcastle upon Tyne,286,345,8,322,307,327,267,206,32%,21439,39%,"6,1","79,9","7,0"
191,E07000076,East, Tendring,265,307,166,249,217,269,320,191,29%,21405,51%,"6,1","80,4","8,1"
324,E07000223,South East, Adur,51,117,134,77,142,175,147,25,21%,21405,49%,"7,2","82,0","12,3"
22,E06000006,North West, Halton,306,287,115,289,337,212,353,196,27%,21398,42%,"6,4","78,9","5,8"
92,E07000032,East Midlands, Amber Valley,246,100,334,215,223,220,284,230,21%,21350,40%,"6,6","81,4","6,9"
121,E07000154,East Midlands, Northampton,348,260,205,339,238,362,270,329,24%,21347,38%,"12,4","80,3","8,0"
53,E07000127,North West, West Lancashire,275,297,237,221,260,218,248,257,21%,21318,38%,"7,2","81,2","7,7"
378,W06000005,Wales, Flintshire,158,121,315,27,225,95,118,330,22%,21311,39%,"6,3","80,8","7,0"
10,E06000004,North East, Stockton-on-Tees,232,311,52,251,294,253,313,123,25%,21310,42%,"7,3","80,4","6,0"
155,E08000027,West Midlands, Dudley,328,362,102,362,253,202,352,154,26%,21298,44%,"6,2","81,3","6,8"
165,E07000238,West Midlands, Wychavon,124,14,175,199,39,226,343,284,17%,21281,50%,"9,2","82,9","11,0"
144,E07000198,West Midlands, Staffordshire Moorlands,91,62,247,236,117,83,290,33,17%,21237,44%,"6,0","81,6","7,2"
345,E07000040,South West, East Devon,53,82,343,147,88,25,189,9,18%,21235,45%,"7,9","82,6","11,6"
59,E08000014,North West, Sefton,219,320,93,244,255,148,305,120,23%,21205,41%,"6,6","80,3","6,7"
45,E07000119,North West, Fylde,154,149,229,98,155,219,221,209,19%,21201,42%,"8,7","81,2","8,4"
437,N09000008,Northern Ireland,Mid and East Antrim,142,257,168,253,167,108,17,207,20%,21199,41%,"3,4","80,7","5,1"
57,E08000012,North West, Liverpool,381,387,14,368,381,352,357,220,32%,21184,38%,"6,7","78,5","5,5"
48,E07000122,North West, Pendle,272,193,291,287,333,297,112,113,33%,21180,40%,"5,5","79,9","4,2"
404,S12000008,Scotland, East Ayrshire,361,375,365,379,379,35,109,46,26%,21158,39%,"5,0","78,2","4,2"
120,E07000153,East Midlands, Kettering,235,214,172,286,136,261,178,363,21%,21121,46%,"8,6","81,6","7,5"
422,S12000026,Scotland, Scottish Borders,249,212,352,296,215,61,58,326,18%,21121,51%,"6,6","80,4","6,8"
58,E08000013,North West, St. Helens,281,246,68,330,315,228,218,322,26%,21089,45%,"5,6","79,6","5,3"
391,W06000018,Wales, Caerphilly,325,341,301,310,356,30,65,365,28%,21086,41%,"4,8","79,8","5,4"
436,N09000007,Northern Ireland,Lisburn and Castlereagh,109,240,61,61,278,59,13,324,19%,21081,38%,"4,8","81,3","6,6"
153,E08000025,West Midlands, Birmingham,377,385,146,346,345,371,363,128,37%,21059,36%,"7,5","79,7","7,1"
62,E06000011,Yorkshire and the Humber, East Riding of Yorkshire,254,286,363,193,143,159,64,313,19%,21040,44%,"7,4","81,8","7,4"
110,E07000137,East Midlands, East Lindsey,233,228,325,226,248,243,202,94,28%,20918,42%,"5,8","80,6","7,1"
115,E07000142,East Midlands, West Lindsey,248,171,281,209,211,196,354,186,22%,20908,49%,"6,7","81,7","7,0"
417,S12000021,Scotland, North Ayrshire,363,374,364,371,373,82,25,138,27%,20906,42%,"5,0","78,5","4,8"
94,E07000034,East Midlands, Chesterfield,305,168,348,180,228,293,322,269,25%,20868,37%,"6,3","80,4","6,4"
389,W06000016,Wales, Rhondda Cynon Taf,320,313,306,200,370,90,78,343,28%,20788,43%,"5,3","79,0","4,6"
364,E07000081,South West, Gloucester,291,194,249,131,293,316,271,316,23%,20779,44%,"6,2","80,9","7,9"
5,E06000005,North East, Darlington,298,283,123,308,289,268,310,234,25%,20772,40%,"6,2","80,3","5,9"
34,E08000003,North West, Manchester,379,368,170,365,380,367,327,163,39%,20723,36%,"9,6","77,8","6,7"
8,E06000057,North East, Northumberland,257,266,326,231,254,214,332,55,22%,20721,45%,"5,9","81,0","7,0"
414,S12000018,Scotland, Inverclyde,294,361,70,374,387,71,16,58,26%,20704,44%,"4,2","77,0","4,8"
347,E07000042,South West, Mid Devon,75,157,337,95,30,21,158,114,20%,20703,48%,"6,2","83,8","9,9"
106,E07000134,East Midlands, North West Leicestershire,227,163,233,208,208,93,289,337,19%,20686,41%,"7,4","81,3","8,3"
95,E07000035,East Midlands, Derbyshire Dales,71,26,318,"167,5",63,151,180,42,18%,20683,42%,"8,0","83,1","11,1"
363,E07000080,South West, Forest of Dean,141,178,264,126,245,11,125,246,21%,20682,44%,"6,6","81,9","9,3"
349,E07000044,South West, South Hams,38,46,331,109,46,28,154,37,22%,20676,48%,"8,8","83,3","13,4"
14,E08000022,North East, North Tyneside,167,265,92,87,304,88,296,158,23%,20673,38%,"5,7","80,3","7,1"
30,E07000031,North West, South Lakeland,49,3,358,139,76,97,105,20,14%,20666,49%,"7,9","82,6","10,3"
427,S12000039,Scotland, West Dunbartonshire,350,346,25,388,383,6,182,259,25%,20657,42%,"4,5","76,5","4,6"
430,N09000001,Northern Ireland,Antrim and Newtownabbey,122,188,79,340,157,66,5,296,18%,20650,40%,"2,8","80,4","5,8"
399,S12000041,Scotland, Angus,236,138,346,335,285,12,55,280,20%,20637,40%,"5,6","79,8","6,8"
126,E07000171,East Midlands, Bassetlaw,349,303,190,329,274,325,347,271,23%,20622,40%,"6,6","80,5","6,4"
83,E08000034,Yorkshire and the Humber, Kirklees,259,308,204,272,275,291,264,98,27%,20603,43%,"6,8","80,6","6,4"
82,E08000033,Yorkshire and the Humber, Calderdale,223,281,262,115,305,331,120,51,27%,20602,43%,"7,2","80,3","6,2"
403,S12000042,Scotland, Dundee City,354,343,51,381,385,32,163,317,28%,20587,39%,"5,1","76,8","5,7"
359,E07000053,South West, Weymouth and Portland,127,215,330,103,118,"51,5",146,121,25%,20566,45%,"6,7","80,9","9,8"
56,E08000011,North West, Knowsley,376,340,45,389,343,172,307,306,30%,20560,43%,"5,9","78,8","5,4"
37,E08000006,North West, Salford,315,208,90,353,342,242,339,190,30%,20534,38%,"8,6","78,7","6,1"
123,E07000156,East Midlands, Wellingborough,353,298,214,343,280,307,300,355,24%,20532,41%,"8,7","81,7","8,1"
215,E07000202,East, Ipswich,331,291,307,311,181,332,306,235,27%,20458,40%,"6,0","81,4","7,8"
145,E07000199,West Midlands, Tamworth,204,125,211,327,196,230,257,116,22%,20454,46%,"5,1","81,0","7,3"
97,E07000037,East Midlands, High Peak,67,15,296,235,163,162,91,16,19%,20447,46%,"7,3","81,3","8,1"
213,E07000200,East, Babergh,120,95,271,"283,5",32,"157,5",203,117,20%,20437,46%,"8,2","83,4","11,5"
177,E07000010,East, Fenland,263,202,253,254,309,224,44,347,25%,20419,40%,"5,7","81,0","7,4"
385,W06000012,Wales, Neath Port Talbot,295,324,309,160,363,75,204,208,28%,20412,35%,"4,2","79,2","5,0"
130,E07000175,East Midlands, Newark and Sherwood,285,200,169,300,201,294,340,294,22%,20397,43%,"6,9","81,4","7,7"
76,E08000016,Yorkshire and the Humber, Barnsley,345,306,236,363,339,200,241,179,28%,20396,44%,"5,8","80,1","5,2"
134,E06000051,West Midlands, Shropshire,198,162,359,150,81,217,272,139,20%,20386,45%,"7,0","82,2","9,2"
68,E07000163,Yorkshire and the Humber, Craven,58,59,327,53,42,257,128,19,16%,20366,43%,"8,1","82,9","9,4"
210,E07000148,East, Norwich,319,351,338,248,165,324,168,229,31%,20337,44%,"6,7","81,7","8,5"
325,E07000224,South East, Arun,78,183,196,159,54,216,87,63,22%,20304,42%,"7,1","81,9","12,0"
47,E07000121,North West, Lancaster,199,142,269,192,176,333,249,84,22%,20298,43%,"5,5","80,0","7,0"
159,E08000031,West Midlands, Wolverhampton,373,381,95,373,346,340,337,214,33%,20293,40%,"6,1","79,7","6,1"
432,N09000003,Northern Ireland,Belfast,313,355,17,314,360,381,7,222,28%,20274,37%,"4,3","78,4","5,4"
16,E08000024,North East, Sunderland,346,356,114,347,362,206,326,156,29%,20269,39%,"4,7","79,1","5,3"
15,E08000023,North East, South Tyneside,290,365,40,212,352,194,351,146,29%,20265,38%,"6,0","79,4","5,9"
156,E08000028,West Midlands, Sandwell,384,377,217,387,349,326,312,193,34%,20262,38%,"6,5","79,2","5,9"
395,W06000022,Wales, Newport,277,342,94,301,334,210,117,231,29%,20253,37%,"6,6","80,3","6,9"
79,E08000019,Yorkshire and the Humber, Sheffield,264,347,230,331,292,263,268,23,28%,20214,42%,"6,0","80,7","7,1"
338,E06000026,South West, Plymouth,193,145,69,262,264,109,183,364,26%,20207,42%,"5,2","80,5","7,8"
36,E08000005,North West, Rochdale,364,357,160,369,355,339,324,89,32%,20196,39%,"6,8","79,0","5,7"
43,E07000117,North West, Burnley,322,337,263,269,328,379,29,100,33%,20184,42%,"6,6","78,1","3,6"
386,W06000013,Wales, Bridgend,234,261,304,166,351,62,47,188,27%,20140,39%,"6,2","79,5","6,3"
439,N09000010,Northern Ireland,"Newry, Mourne and Down",111,299,150,181,184,112,96,47,24%,20129,40%,"4,7","80,6","5,9"
141,E07000195,West Midlands, Newcastle-under-Lyme,202,151,248,241,287,204,155,108,23%,20109,42%,"5,4","80,8","6,6"
346,E07000041,South West, Exeter,97,129,328,50,120,100,89,95,21%,20104,48%,"5,3","81,9","11,2"
326,E07000225,South East, Chichester,29,72,112,128,56,139,149,29,18%,20062,51%,"9,9","83,1","16,6"
384,W06000011,Wales, Swansea,192,326,216,89,330,137,57,124,26%,20028,38%,"5,7","80,2","6,5"
352,E07000047,South West, West Devon,65,147,316,185,185,15,141,8,21%,20023,51%,"6,7","82,4","11,1"
276,E07000062,South East, Hastings,256,301,267,271,229,347,216,49,30%,20022,44%,"6,2","79,8","8,1"
125,E07000170,East Midlands, Ashfield,302,304,189,194,335,266,258,287,27%,19991,42%,"4,6","80,0","5,9"
369,E07000188,South West, Sedgemoor,186,222,340,152,209,37,301,105,24%,19971,44%,"6,0","82,2","9,2"
440,N09000011,Northern Ireland,North Down and Ards,145,248,77,281,257,19,31,310,19%,19969,48%,"3,6","81,0","6,9"
81,E08000032,Yorkshire and the Humber, Bradford,374,382,126,383,348,363,234,102,33%,19945,42%,"6,5","79,5","6,2"
54,E07000128,North West, Wyre,266,300,246,135,321,237,321,111,22%,19937,43%,"7,4","80,5","7,1"
390,W06000024,Wales, Merthyr Tydfil,372,332,386,273,388,245,3,377,29%,19930,40%,"5,3","78,9","4,6"
32,E08000001,North West, Bolton,244,312,103,268,298,280,223,148,29%,19925,42%,"7,7","79,8","5,8"
350,E07000045,South West, Teignbridge,64,126,341,129,52,16,136,60,22%,19922,46%,"6,9","82,2","10,8"
377,W06000004,Wales, Denbighshire,222,227,373,146,318,282,20,30,25%,19878,37%,"6,5","79,6","7,0"
362,E07000079,South West, Cotswold,45,112,208,119,38,24,194,88,16%,19877,51%,"11,7","83,2","16,4"
78,E08000018,Yorkshire and the Humber, Rotherham,360,331,279,333,347,285,247,348,27%,19854,41%,"6,1","79,7","6,1"
39,E08000008,North West, Tameside,301,317,162,318,361,203,259,112,28%,19826,40%,"5,8","79,0","6,0"
275,E07000061,South East, Eastbourne,229,314,324,257,234,304,148,21,28%,19824,37%,"7,2","81,7","10,2"
259,E06000046,South East, Isle of Wight,224,74,335,352,154,238,51,152,28%,19796,43%,"6,3","81,7","9,5"
85,E08000036,Yorkshire and the Humber, Wakefield,351,255,239,237,322,275,244,389,25%,19794,38%,"6,3","80,1","6,5"
376,W06000003,Wales, Conwy,280,319,384,149,250,149,173,74,25%,19775,39%,"7,0","81,1","7,3"
117,E07000150,East Midlands, Corby,340,277,174,309,353,341,90,335,25%,19774,46%,"9,6","78,9","7,0"
372,E07000191,South West, West Somerset,20,90,353,170,6,42,4,17,26%,19763,44%,"5,9","83,0","10,1"
368,E07000187,South West, Mendip,106,184,336,80,27,42,179,177,21%,19760,43%,"7,9","82,6","10,8"
206,E07000144,East, Broadland,135,154,314,187,64,56,56,292,16%,19687,49%,"6,6","82,7","11,1"
73,E07000168,Yorkshire and the Humber, Scarborough,190,164,344,74,256,265,197,68,27%,19668,41%,"6,0","80,7","7,6"
114,E07000141,East Midlands, South Kesteven,166,107,286,158,131,170,288,166,20%,19666,47%,"7,9","82,2","9,0"
46,E07000120,North West, Hyndburn,333,259,294,234,308,376,262,136,30%,19660,37%,"5,5","78,8","4,4"
105,E07000133,East Midlands, Melton,133,91,141,90,139,120,323,275,16%,19654,53%,"7,6","82,2","9,6"
51,E07000125,North West, Rossendale,228,207,280,121,291,287,282,97,26%,19620,40%,"7,4","80,1","5,8"
25,E07000026,North West, Allerdale,178,258,355,157,213,169,254,14,21%,19581,51%,"8,0","80,6","7,0"
370,E07000189,South West, South Somerset,104,105,333,102,82,36,100,194,19%,19558,46%,"7,6","83,0","10,1"
27,E07000028,North West, Carlisle,226,134,372,173,226,274,235,44,20%,19549,41%,"7,0","80,7","6,6"
136,E06000020,West Midlands, Telford and Wrekin,318,226,111,278,324,306,252,381,27%,19503,44%,"5,8","80,3","7,4"
35,E08000004,North West, Oldham,365,359,135,366,377,330,345,77,34%,19497,40%,"6,1","79,1","5,8"
383,W06000010,Wales, Carmarthenshire,210,245,381,97,267,74,85,76,27%,19487,42%,"5,4","80,7","6,5"
381,W06000008,Wales, Ceredigion,225,285,388,21,214,129,162,83,27%,19481,44%,"4,8","82,3","8,8"
392,W06000019,Wales, Blaenau Gwent,383,380,379,376,384,84,127,184,30%,19400,39%,"3,9","78,3","3,8"
380,W06000023,Wales, Powys,172,81,382,17,151,277,106,161,20%,19368,48%,"6,1","82,2","8,3"
409,S12000013,Scotland, Eilean Siar,170,262,389,84,300,3,1,189,19%,19340,33%,"6,4","78,3","5,1"
158,E08000030,West Midlands, Walsall,369,336,143,372,358,337,283,237,32%,19327,41%,"6,5","80,3","7,0"
431,N09000002,Northern Ireland,"Armagh, Banbridge and Craigavon",174,271,155,317,207,142,36,144,21%,19315,43%,"3,8","80,7","5,3"
435,N09000006,Northern Ireland,Fermanagh and Omagh,105,250,244,91,158,78,11,151,25%,19266,37%,"4,9","80,9","5,4"
135,E06000021,West Midlands, Stoke-on-Trent,380,310,167,386,378,348,349,176,31%,19236,42%,"5,0","78,8","5,0"
98,E07000038,East Midlands, North East Derbyshire,217,65,329,"167,5",252,104,193,314,20%,19235,42%,"5,3","81,9","8,3"
208,E07000146,East, Kings Lynn and West Norfolk,308,268,351,337,108,181,303,212,23%,19229,42%,"6,0","81,9","9,3"
26,E07000027,North West, Barrow-in-Furness,334,353,368,164,340,270,360,24,26%,19139,42%,"7,7","79,3","5,4"
9,E06000003,North East, Redcar and Cleveland,300,371,100,321,303,288,341,52,28%,19124,40%,"5,7","80,4","6,1"
438,N09000009,Northern Ireland,Mid Ulster,151,284,200,304,140,111,2,236,23%,19013,39%,"5,2","81,2","6,1"
69,E07000164,Yorkshire and the Humber, Hambleton,138,127,290,45,67,250,226,211,16%,18970,47%,"7,9","83,3","11,4"
166,E07000239,West Midlands, Wyre Forest,293,187,235,277,224,273,333,282,24%,18936,46%,"6,4","81,2","8,4"
72,E07000167,Yorkshire and the Humber, Ryedale,218,158,322,172,182,252,280,127,19%,18893,44%,"8,1","81,7","10,8"
402,S12000006,Scotland, Dumfries and Galloway,238,252,375,315,270,8,130,79,23%,18859,48%,"4,7","79,8","6,3"
209,E07000147,East, North Norfolk,194,176,300,319,129,80,104,198,24%,18838,52%,"6,2","82,5","11,1"
356,E07000050,South West, North Dorset,95,155,321,138,17,"51,5",196,133,19%,18795,46%,"7,7","83,7","12,0"
139,E07000193,West Midlands, East Staffordshire,255,238,276,332,261,167,166,142,23%,18789,39%,"7,1","81,1","8,5"
7,E06000002,North East, Middlesbrough,387,388,42,377,382,375,358,110,35%,18736,41%,"6,1","78,0","5,8"
77,E08000017,Yorkshire and the Humber, Doncaster,378,360,272,359,338,312,276,387,28%,18721,35%,"7,9","79,6","6,1"
93,E07000033,East Midlands, Bolsover,356,206,311,239,375,256,302,351,28%,18690,42%,"9,3","79,7","5,6"
416,S12000020,Scotland, Moray,271,191,376,344,231,7,41,293,18%,18631,49%,"5,3","79,6","7,3"
162,E07000235,West Midlands, Malvern Hills,176,122,222,85,236,222,260,200,19%,18543,46%,"8,8","81,6","12,3"
335,E06000052,South West, Cornwall,212,242,259,161,194,44,273,305,26%,18542,46%,"6,8","81,6","11,2"
219,E07000206,East, Waveney,273,288,287,"283,5",286,150,150,180,26%,18380,45%,"6,0","81,5","8,9"
18,E06000008,North West, Blackburn with Darwen,375,366,252,316,369,353,227,341,34%,18345,41%,"6,9","78,9","5,4"
133,E06000019,West Midlands," Herefordshire, County of",157,89,72,225,166,264,207,325,21%,18302,45%,"6,7","82,5","11,3"
107,E07000135,East Midlands, Oadby and Wigston,121,118,265,86,90,147,279,145,18%,18296,38%,"7,0","82,6","9,5"
205,E07000143,East, Breckland,260,106,339,313,174,130,331,215,22%,18258,45%,"6,0","81,8","10,2"
64,E06000012,Yorkshire and the Humber, North East Lincolnshire,362,378,218,351,284,370,255,173,30%,18190,20%,"9,8","80,0","6,0"
342,E06000027,South West, Torbay,312,254,283,229,297,105,232,383,29%,18187,39%,"6,5","81,1","9,5"
89,E06000018,East Midlands, Nottingham,386,386,99,380,371,372,299,162,36%,18105,40%,"5,9","79,3","6,4"
129,E07000174,East Midlands, Mansfield,335,239,219,183,366,336,256,320,27%,18101,39%,"5,7","80,0","6,4"
278,E07000064,South East, Rother,90,210,261,263,100,207,245,3,25%,18089,45%,"8,7","82,2","13,3"
111,E07000138,East Midlands, Lincoln,358,276,350,275,354,360,229,149,27%,18054,35%,"5,6","80,1","7,3"
88,E06000016,East Midlands, Leicester,370,373,106,364,341,366,285,227,37%,17896,40%,"7,7","79,6","7,6"
29,E07000030,North West, Eden,113,94,367,123,125,73,209,31,17%,17860,46%,"6,3","83,0","10,3"
375,W06000002,Wales, Gwynedd,195,282,370,13,266,229,34,118,23%,17809,46%,"5,3","81,8","7,9"
63,E06000010,Yorkshire and the Humber," Kingston upon Hull, City of",389,384,374,375,374,364,318,131,34%,17796,40%,"4,8","78,5","5,4"
109,E07000136,East Midlands, Boston,297,219,332,134,325,319,220,164,23%,17783,41%,"5,8","80,7","7,6"
433,N09000004,Northern Ireland,Causeway Coast and Glens,237,372,191,297,190,154,32,216,25%,17758,38%,"3,5","80,9","6,5"
302,E07000114,South East, Thanet,317,358,317,246,320,303,134,96,32%,17623,32%,"6,5","80,5","10,1"
49,E07000123,North West, Preston,352,349,285,302,273,351,292,178,27%,17587,37%,"7,3","79,3","6,9"
207,E07000145,East, Great Yarmouth,336,322,354,270,323,292,265,129,30%,17574,40%,"6,2","80,1","8,1"
214,E07000201,East, Forest Heath,283,251,310,358,177,258,133,134,22%,17461,40%,"7,1","82,1","10,5"
434,N09000005,Northern Ireland,Derry and Strabane,367,389,164,367,365,225,99,85,31%,17458,39%,"4,1","79,3","5,5"
382,W06000009,Wales, Pembrokeshire,231,218,383,207,187,63,98,132,26%,17347,46%,"5,4","81,5","9,0"
163,E07000236,West Midlands, Redditch,307,290,260,202,172,267,370,249,23%,17257,42%,"6,1","81,0","9,9"
351,E07000046,South West, Torridge,221,338,356,227,111,38,336,53,25%,17231,43%,"6,3","81,6","12,0"
348,E07000043,South West, North Devon,89,235,345,113,168,33,233,7,22%,17121,46%,"6,0","81,6","12,5"
357,E07000051,South West, Purbeck,37,60,275,78,40,"51,5",144,56,21%,16731,53%,"8,0","83,5","16,7"
19,E06000009,North West, Blackpool,388,369,243,382,376,373,261,226,34%,16384,32%,"7,1","77,3","6,0"